dataset_rows,phase,backend,workload,timestamp,query_id,trace_id,request_id,api_duration_ms,engine_request_ms,query_duration_ms,queue_duration_ms,container_transport_residual_ms,source_bytes,scanned_bytes,scanned_rows,result_bytes
100000,serial,duckdb,Total,2026-10-05T08:08:41.120000+00:00,863dc735-dec6-469a-8832-50bb2a4d1c9e,1406cc59edd17eba08eb2ebe74927861,1b9ed3f708c5e8b38c827687c97a99e4,1192,921,769.563,0.081,53.356,156434,156430,,28
100000,serial,clickhouse,Total,2026-10-05T08:08:41.371000+00:00,d432882d-ba64-4950-b84a-42220c48a3d0,3d79d5ff61bfa9eb3e8a0f6936e93da5,4dbe81aa8ec5316454c629419ee7f97c,211,59,17.423,,,,1400000,100000,242
100000,serial,duckdb,Daily trend,2026-10-05T08:08:42.623000+00:00,7cfcb1b5-f2ba-4544-b3ed-8ce4584eaaa0,24b2b129f7ead908ef8087650ab7ee03,edec5e283503fe70bab2344039ed5696,1204,915,779.915,0.112,41.974,156434,156430,,1737
100000,serial,clickhouse,Daily trend,2026-10-05T08:08:42.867000+00:00,c719f28e-067c-4e0e-a5cf-1576fbb8326d,76e0b14eda4cc2e09fb1915497b430e9,49016087f3070aea28edb447615ed567,200,64,21.266,,,,1400000,100000,2461
100000,serial,duckdb,Campaign breakdown,2026-10-05T08:08:44.108000+00:00,84bd2176-ec45-4e37-ba96-1ae08380c4df,8fd89caea11c9f660885b754aeec3aea,44e35c751321cad80db1c78eb1dee4de,1192,884,759.346,0.071,43.583,156434,156430,,31961
100000,serial,clickhouse,Campaign breakdown,2026-10-05T08:08:44.449000+00:00,85535799-4732-4415-8b3e-90a3ed135cb2,d3dcc99193c4380b1fd378740d47922d,93dd0532fa7ed2409db9f9f1f5e10e38,285,119,47.868,,,,5290000,100000,40733
100000,serial,duckdb,Comparison,2026-10-05T08:08:45.542000+00:00,82cc22b6-8186-4711-89a0-6ab71b9e1605,b5f27f701f35e840e27db9d136244417,e176f140bfa268b2717591bfcf8fc2fa,1879,740,617.429,0.121,42.45,156434,16384,,19
100000,serial,duckdb,Comparison,2026-10-05T08:08:46.380000+00:00,66499c8f-9456-4c5e-bece-4cb72a7a0b66,b5f27f701f35e840e27db9d136244417,e176f140bfa268b2717591bfcf8fc2fa,1879,1560,829.126,571.634,74.24,156434,156430,,28
100000,serial,clickhouse,Comparison,2026-10-05T08:08:46.627000+00:00,3a4364ec-e45b-4682-8ee2-80fc008fa5a7,588320fed0166e628e98c4157280d661,a76019ba48bff46512583d8af6bfecb6,221,61,17.276,,,,1400000,100000,242
100000,serial,clickhouse,Comparison,2026-10-05T08:08:46.639000+00:00,65703784-8c8f-49ef-afea-590c8c7a8afa,588320fed0166e628e98c4157280d661,a76019ba48bff46512583d8af6bfecb6,221,73,4.576,,,,0,0,222
100000,serial,clickhouse,Total,2026-10-05T08:08:46.889000+00:00,c4a479ac-13c4-4f28-a002-f03a1ee26598,b01a7269b71c8e1a925763d062b2d252,571245756ec19ccc0984094cb2d42ae8,203,59,17.693,,,,1400000,100000,242
100000,serial,duckdb,Total,2026-10-05T08:08:48.133000+00:00,8acce986-0d19-4ce9-ad01-044ddd7eed0d,4b61f0f88cd21d2c619374ca0d0e57da,8dd5f37ba32e8b1621bcd536a1067f8c,1198,780,652.885,0.138,33.977,156434,156430,,28
100000,serial,clickhouse,Daily trend,2026-10-05T08:08:48.404000+00:00,5db3b908-5aa1-4d67-a6a0-726335bff038,8518f5faec571f8ea309dba377098810,b10b2c7f2838610201f55d8c683ccfe4,221,63,23.136,,,,1400000,100000,2461
100000,serial,duckdb,Daily trend,2026-10-05T08:08:49.574000+00:00,4160714e-0627-45f8-8d87-fe3428a7bee7,e61c12974bc12485e64cc126a0c34ebf,936fd4e1f9916924cd21d525d7a1dd6d,1125,829,706.855,0.072,35.073,156434,156430,,1737
100000,serial,clickhouse,Campaign breakdown,2026-10-05T08:08:49.825000+00:00,53af342c-030b-4104-b631-86f33a3e18af,876c2accd3c29f3d87fc8bec43467e1e,bcfe7345857ad4b26d0302f08e02417f,209,74,30.472,,,,5290000,100000,40733
100000,serial,duckdb,Campaign breakdown,2026-10-05T08:08:50.908000+00:00,09745a97-5433-4e15-862c-cb45e38b707b,eea48ebb9194c7402070dec2e0365c91,6353ce0372c2709e2751f36d593a8fbd,1023,721,601.934,0.08,39.986,156434,156430,,31961
100000,serial,clickhouse,Comparison,2026-10-05T08:08:51.178000+00:00,9591a386-7c70-4e8a-8a87-1de5ba941ee0,69e5d05bcda530f5ffe2951ed082f283,5a5967e4cdc4bedd4b9579896bb76473,216,47,3.543,,,,0,0,221
100000,serial,clickhouse,Comparison,2026-10-05T08:08:51.189000+00:00,fd41bd46-836d-4101-a899-b7a9ac1795bd,69e5d05bcda530f5ffe2951ed082f283,5a5967e4cdc4bedd4b9579896bb76473,216,58,16.58,,,,1400000,100000,241
100000,serial,duckdb,Comparison,2026-10-05T08:08:52.501000+00:00,670ccb84-454f-437f-b9ae-a9601aff428f,38bd5c7ed39be9e11396f9a2778f7c3c,46b935b548101f8359f5bcffba7f601c,1814,977,854.323,0.081,38.596,156434,16384,,19
100000,serial,duckdb,Comparison,2026-10-05T08:08:53.050000+00:00,719535e0-ec1e-47ab-99a7-7e429be38cc3,38bd5c7ed39be9e11396f9a2778f7c3c,46b935b548101f8359f5bcffba7f601c,1814,1499,539.656,766.778,99.567,156434,156430,,28
100000,serial,duckdb,Total,2026-10-05T08:08:54.183000+00:00,1fc21e4b-de73-4bd3-b274-004b98ff5b22,7016c4257c17e9925a1cdb60339b3731,41fc6889f6a441124ec4ef78a874e040,1089,784,658.423,0.066,35.512,156434,156430,,28
100000,serial,clickhouse,Total,2026-10-05T08:08:54.420000+00:00,3e88c9ec-3626-4f84-b677-589f72ef5a23,f10b4571b7ab9ce9712469705f1c08e6,394b3a0015520c7d5398de5747549b5c,196,60,17.711,,,,1400000,100000,242
100000,serial,duckdb,Daily trend,2026-10-05T08:08:55.483000+00:00,1ea4b7c4-ab18-4222-ae8a-b537af776b77,664a9f3c1936adc83c949d9f4ae32b8e,3ba70c3c14c6ce920f3ba3b2415fa131,1009,706,585.098,0.08,39.822,156434,156430,,1737
100000,serial,clickhouse,Daily trend,2026-10-05T08:08:55.729000+00:00,55e6dd61-9c9f-4c26-93bc-26d9343b13f7,6c90c86451c335a81d7eb261dafdd5f1,fc7daca2ee466c38deec9e38f5cef4d8,202,67,23.203,,,,1400000,100000,2461
100000,serial,duckdb,Campaign breakdown,2026-10-05T08:08:56.877000+00:00,d1ee93e7-9492-4b1a-aa2c-ba232eaf4090,0784f679e2369e4b2a5068530c46ec07,4b71ed2842ddcfaf1a6176f98757b2b4,1100,706,581.229,0.143,29.628,156434,156430,,31961
100000,serial,clickhouse,Campaign breakdown,2026-10-05T08:08:57.136000+00:00,73e86d50-0eeb-4ab7-a946-a5f637ed90da,84e2c751c0a5247404249aff435d1373,ff10f84d1b4bb4ffa442f08712eac148,219,76,32.94,,,,5290000,100000,40733
100000,serial,duckdb,Comparison,2026-10-05T08:08:58.156000+00:00,08269dac-26d1-49fe-b65a-9a9045b06482,a4e6658fd82384965eb371932b879190,87b28ca058a42d43d5d56bcdddb62b23,1711,683,547.862,0.077,37.061,156434,16384,,19
100000,serial,duckdb,Comparison,2026-10-05T08:08:58.895000+00:00,e62348cd-8060-4f2f-9b29-633100474d6d,a4e6658fd82384965eb371932b879190,87b28ca058a42d43d5d56bcdddb62b23,1711,1409,743.385,514.19,64.425,156434,156430,,28
100000,serial,clickhouse,Comparison,2026-10-05T08:08:59.130000+00:00,900e5418-89d1-4420-aa86-5691045d6e86,ced6e8c90191640ade7bd4657eec048d,f10a88bbd2773957df7e19f350d33166,225,47,3.308,,,,0,0,222
100000,serial,clickhouse,Comparison,2026-10-05T08:08:59.160000+00:00,d519d729-dfab-45d8-b9c2-92c16e5553ff,ced6e8c90191640ade7bd4657eec048d,f10a88bbd2773957df7e19f350d33166,225,77,7.459,,,,1400000,100000,242
100000,serial,clickhouse,Total,2026-10-05T08:08:59.404000+00:00,35ad8b7e-38e1-4c12-bf92-17d8e3a63bb8,3c8e404f56bb0507c56a270f3d6ae3e6,d3b06b147336f7e2966c72b91395072f,195,57,16.36,,,,1400000,100000,242
100000,serial,duckdb,Total,2026-10-05T08:09:00.557000+00:00,585ce0f4-4821-4264-a737-8d2035dc6a92,3f995267dd4c4b8df63be4d091767eab,be65b97123c520a9fc0c12244309d3c5,1101,800,680.672,0.124,34.204,156434,156430,,28
100000,serial,clickhouse,Daily trend,2026-10-05T08:09:00.807000+00:00,0b5037f9-e6e7-4330-8aca-7a6454b5cf38,ae824cefed069603ccedc467fe000cef,04e81cc260e26fc8018c4cb9b8d14e8f,207,65,22.988,,,,1400000,100000,2461
100000,serial,duckdb,Daily trend,2026-10-05T08:09:02.246000+00:00,3ff4b003-0545-47fb-a06e-974e867da9d1,e88f159dec926dd613900e67963e7692,dd9d672dbed4fe0d919625142a8357b1,1390,1088,952.407,0.081,42.512,156434,156430,,1737
100000,serial,clickhouse,Campaign breakdown,2026-10-05T08:09:02.545000+00:00,3cc544f3-f7ec-4be1-95c4-f8769d126161,69e2415146946eca6be1fc1d6c00e3ba,cbb9dbbe2beacbcb19793f4ff9cad5d8,257,120,50.749,,,,5290000,100000,40733
100000,serial,duckdb,Campaign breakdown,2026-10-05T08:09:03.554000+00:00,c6e5dc60-d2ca-4574-b12a-4dbb20f5335f,fff586a4766c3465a4743ae3ce544a6c,0a604d2ad3ae9eb451faaa6e20799e79,960,671,550.597,0.075,37.328,156434,156430,,31961
100000,serial,clickhouse,Comparison,2026-10-05T08:09:03.787000+00:00,2602ce0d-7caa-4fa4-98b9-5360ac82355f,7a15f6bdb59424e01660b364b9e1c7a6,32513d0f2f5699ec609f3e3dc1c9dd9d,204,47,4.765,,,,0,0,222
100000,serial,clickhouse,Comparison,2026-10-05T08:09:03.803000+00:00,7bbcaab1-8fbb-4644-a7b9-63bb5ef9067b,7a15f6bdb59424e01660b364b9e1c7a6,32513d0f2f5699ec609f3e3dc1c9dd9d,204,63,20.094,,,,1400000,100000,242
100000,serial,duckdb,Comparison,2026-10-05T08:09:04.837000+00:00,079a2fad-2633-4e5e-be78-1cdd263272b5,dd2521871b141d377bbe250dd0756287,5cd72c56b5e74c61d208232b0b69671c,1657,681,492.802,0.067,32.132,156434,16384,,19
100000,serial,duckdb,Comparison,2026-10-05T08:09:05.507000+00:00,e1c1e013-bd7f-4ad8-abfa-0bd1e024bacd,dd2521871b141d377bbe250dd0756287,5cd72c56b5e74c61d208232b0b69671c,1657,1311,728.749,437.793,54.459,156434,156430,,28
100000,serial,duckdb,Total,2026-10-05T08:09:06.717000+00:00,99161598-c6c0-44f2-8748-2d73039b9aa4,be0d6e7d7c2bd4936ce35abc933864c2,93810bfd2cd8a810e6ef1ee2b311cf3d,1158,843,711.821,0.126,43.053,156434,156430,,28
100000,serial,clickhouse,Total,2026-10-05T08:09:06.968000+00:00,faab229b-d5d6-4e8a-84a5-137c157e4e57,91fda4cd70c73ef663b7d8bd1cf5b169,f99f91d1139ff740921ef82c2597fc30,208,62,22.677,,,,1400000,100000,242
100000,serial,duckdb,Daily trend,2026-10-05T08:09:08.354000+00:00,f21bf936-3fd7-4eb3-8a21-03c3a5f77386,ea3c42dcb9d7bb4911916933a4373e42,4df2608d963e9c94b38403d9384ca34c,1341,1043,875.66,0.091,82.249,156434,156430,,1737
100000,serial,clickhouse,Daily trend,2026-10-05T08:09:08.607000+00:00,b62767ee-e07b-4e52-99fc-e5fc080ab58b,978c33a753761a1157b273ff95c7945d,8cc1c31deb3bb258de1bce5398f269d4,211,68,25.376,,,,1400000,100000,2461
100000,serial,duckdb,Campaign breakdown,2026-10-05T08:09:09.756000+00:00,aadb7f0c-85df-4619-a06a-c65e8bdce1fe,409d9b95dc1d6ee1cba837e0a395e021,4f9d49d148244a21a12d9d394eb76813,1104,795,666.432,0.083,39.485,156434,156430,,31961
100000,serial,clickhouse,Campaign breakdown,2026-10-05T08:09:10.034000+00:00,55defc6a-6a69-45a9-8787-f6de3ab8f024,80014754fde21512bd1cea9d7d6fb1c3,e30989d65439ec597919333f5949cee8,234,94,50.566,,,,5290000,100000,40733
100000,serial,duckdb,Comparison,2026-10-05T08:09:10.977000+00:00,59962f0e-b043-4164-8816-d6166dd068c0,e1e1911126587e188c50f36df4724b6e,6bf5d33ca52e3984def3f2f604f8e8f6,1579,593,474.904,0.084,38.012,156434,16384,,19
100000,serial,duckdb,Comparison,2026-10-05T08:09:11.665000+00:00,8187bc83-d96b-4d50-9a4b-6dd27f9fdde9,e1e1911126587e188c50f36df4724b6e,6bf5d33ca52e3984def3f2f604f8e8f6,1579,1264,665.828,434.039,70.133,156434,156430,,28
100000,serial,clickhouse,Comparison,2026-10-05T08:09:11.932000+00:00,6f0b7593-7ae3-4c06-8993-d890c7b8252a,56fc431c6feb185892c5a4fb3547a790,3f2bf21c9fc706407e77d25460b5bb1a,237,44,4.394,,,,0,0,222
100000,serial,clickhouse,Comparison,2026-10-05T08:09:11.945000+00:00,59f33908-d3c7-4b69-af02-1376df1f479c,56fc431c6feb185892c5a4fb3547a790,3f2bf21c9fc706407e77d25460b5bb1a,237,57,16.501,,,,1400000,100000,242
100000,serial,clickhouse,Total,2026-10-05T08:09:12.198000+00:00,c2aa1f33-21d3-4ed2-a4b0-11f728431d98,95753d2cd84253aa6327b9319cb11a26,2575e64130cb1fdc15800e353d8e73c5,210,60,17.205,,,,1400000,100000,242
100000,serial,duckdb,Total,2026-10-05T08:09:13.316000+00:00,4ac81706-47c4-4a07-80cc-950f6a0d66b1,72dfc30e4456547340f673374c6a5251,de8a51449210d99711163a67f1c51afa,1063,734,608.01,0.079,35.911,156434,156430,,28
100000,serial,clickhouse,Daily trend,2026-10-05T08:09:13.573000+00:00,7c69af57-d28c-4705-9532-8890898d9f8d,dbdf69203117cee5394b1c85ac95792b,ceda374698da0c51e9c5610ffc08a360,215,65,24.412,,,,1400000,100000,2461
100000,serial,duckdb,Daily trend,2026-10-05T08:09:14.662000+00:00,02ab41a6-d3d5-4015-bc83-ba54aa4554d8,e3000cacf7a82d959dbf90e76eb690d2,f0537cabd87138f0606697506262da35,1042,724,603.062,0.066,39.872,156434,156430,,1737
100000,serial,clickhouse,Campaign breakdown,2026-10-05T08:09:14.931000+00:00,eeeb85bb-7b54-4cfc-b2da-9289c933db64,4f3fc6a85d598eb635590001dd8a663a,6ffd1689907e45fe3998367892475707,224,90,47.485,,,,5290000,100000,40733
100000,serial,duckdb,Campaign breakdown,2026-10-05T08:09:16.154000+00:00,fbddf896-bfd8-40cb-8b01-f5adc4b93a45,ddbd06894ae77ad15e30d0c68d89c44b,a32b4d7cace114e4810913b62fbc5a55,1177,889,766.188,0.134,37.677,156434,156430,,31961
100000,serial,clickhouse,Comparison,2026-10-05T08:09:16.385000+00:00,bbb61e58-3643-48d5-86dd-5f2016da118c,568c498ac2203653e2d9ee26661d8bf1,89a1e4bd06a6491152371d2825354c7a,204,44,4.181,,,,0,0,222
100000,serial,clickhouse,Comparison,2026-10-05T08:09:16.402000+00:00,48cab43f-3658-40e9-8ea7-0da2d4bad342,568c498ac2203653e2d9ee26661d8bf1,89a1e4bd06a6491152371d2825354c7a,204,61,19.214,,,,1400000,100000,242
100000,serial,duckdb,Comparison,2026-10-05T08:09:17.500000+00:00,7d0b4350-e3f2-4607-8ffc-3b952eb13dbf,e129a669d018ae9635f6bc0016e565af,8ca2308d4c1a0998d49f5bb8d3b3c63b,1666,775,651.931,0.272,37.797,156434,156430,,28
100000,serial,duckdb,Comparison,2026-10-05T08:09:18.113000+00:00,23624942-5558-4df2-bc41-2d05bbdabe71,e129a669d018ae9635f6bc0016e565af,8ca2308d4c1a0998d49f5bb8d3b3c63b,1666,1374,611.836,617.54,61.624,156434,16384,,19
100000,serial,duckdb,Total,2026-10-05T08:09:19.324000+00:00,ee126cc5-14ac-4a9a-af5b-1ac1f2cf11af,ed5953364233468668620702fe90186d,fc0c0df6fcf326088a89a4b646299e0e,1168,875,748.237,0.092,36.671,156434,156430,,28
100000,serial,clickhouse,Total,2026-10-05T08:09:19.565000+00:00,e4bdd521-d663-4ad2-bd68-4babdac926ad,f43b93db6263b0294688e79f0235ec10,cbf7e8f4e0e15a9f217ce82398827bd6,202,57,15.657,,,,1400000,100000,242
100000,serial,duckdb,Daily trend,2026-10-05T08:09:20.725000+00:00,c2faf2f5-88f6-43de-8485-00b66b84da9f,4fd6271397c22305f72ad7a7068d27dd,0c77a7cb178deb6bf24cc76a8671d113,1101,797,673.835,0.085,37.081,156434,156430,,1737
100000,serial,clickhouse,Daily trend,2026-10-05T08:09:20.967000+00:00,08c72f27-3b5d-47a6-80f9-f776fc836e72,1ef3269316288800d029080916c663dc,31efe91f1d6b34a07776b07e3163c500,206,62,21.848,,,,1400000,100000,2461
100000,serial,duckdb,Campaign breakdown,2026-10-05T08:09:22.056000+00:00,e7be8593-94d8-49a3-82ce-e9afdda3d923,229b6759a659a0d816b2eecbbba41d85,2c092ea342130131f99cfd49f23ab4e2,1042,707,581.267,0.076,37.657,156434,156430,,31961
100000,serial,clickhouse,Campaign breakdown,2026-10-05T08:09:22.336000+00:00,33ed46c5-3c3c-4d0a-89e4-b42d75ec398b,2a1d2d5df6642f93f61bcf9930e275ef,bde92986950c2e89aa7d65fba09d9f61,237,97,51.772,,,,5290000,100000,40732
100000,serial,duckdb,Comparison,2026-10-05T08:09:23.385000+00:00,3d572e32-1de3-42b8-b0f9-f0f7fe99bbb8,8707a1a59485670e4b47ca647b8afd96,c1b263e1ef8d50526e60d77034f4b7ea,1679,693,575.273,0.094,36.633,156434,16384,,19
100000,serial,duckdb,Comparison,2026-10-05T08:09:24.079000+00:00,8b291bbb-4707-4f9a-9a8b-934d734e8394,8707a1a59485670e4b47ca647b8afd96,c1b263e1ef8d50526e60d77034f4b7ea,1679,1374,681.175,545.313,57.512,156434,156430,,28
100000,serial,clickhouse,Comparison,2026-10-05T08:09:24.284000+00:00,d48a9466-a81d-4206-b695-f02cfd6a62ac,31e443456653fc976f761d39362edc58,a5ba3eecef6079544ae70753e8ceb465,175,26,2.984,,,,0,0,222
100000,serial,clickhouse,Comparison,2026-10-05T08:09:24.295000+00:00,6255a601-112b-47f9-81d5-cc0324e614ca,31e443456653fc976f761d39362edc58,a5ba3eecef6079544ae70753e8ceb465,175,37,17.127,,,,1400000,100000,242
100000,serial,clickhouse,Total,2026-10-05T08:09:24.559000+00:00,68e57907-bdeb-4943-97b5-4fab06489e72,c733f8f5d377ede679bb6dbe355ab3ce,beee7098bed55bd3a8e7a370cf9f3a66,194,58,16.498,,,,1400000,100000,242
100000,serial,duckdb,Total,2026-10-05T08:09:25.540000+00:00,fb322ae7-d6ee-4a92-8604-2c667ae63840,6d1cf88097fb9cb1ab70fc2a55cc83b2,90822e801f1f5a75dd3ae38155262328,930,648,534.464,0.076,30.461,156434,156430,,28
100000,serial,clickhouse,Daily trend,2026-10-05T08:09:25.799000+00:00,433edde6-aca8-474b-bcaa-36f6b20c7633,47b926c0ce66f9ef47d6bd4d42057d21,9495415e3860d06e5cdd9c8a3dc9495d,219,62,21.86,,,,1400000,100000,2461
100000,serial,duckdb,Daily trend,2026-10-05T08:09:26.945000+00:00,79f3726c-8563-4886-be22-596078f6f01b,ad21a9888f492a0ef52af4a75041d24e,2b910fdbd3a9f2504b084fc954e308ec,1104,810,660.434,0.087,57.478,156434,156430,,1737
100000,serial,clickhouse,Campaign breakdown,2026-10-05T08:09:27.256000+00:00,fb80da0f-06fe-4f68-9ba7-976c6acd5f35,b72f88ba01ea8515d1ece43ad17d6677,ed8a67c18aff16860abaa9d898835f00,249,92,47.432,,,,5290000,100000,40732
100000,serial,duckdb,Campaign breakdown,2026-10-05T08:09:28.935000+00:00,009c7f18-dec5-4766-9dce-c6a007b01a2e,37f833e2ce5056e1da2efdb1f3179150,58230185b32298f9ce45da06e12e53e3,1624,1205,1077.441,0.14,44.419,156434,156430,,31961
100000,serial,clickhouse,Comparison,2026-10-05T08:09:29.174000+00:00,6f9fa720-e7ae-44d4-b80b-fbba49a05726,c4923844953bd479a99bd9bb51b1538e,cf512f396e3f8860a7856ab60f9c1c99,182,43,3.344,,,,0,0,222
100000,serial,clickhouse,Comparison,2026-10-05T08:09:29.178000+00:00,4159f3eb-5230-4edd-af9b-da92bdfe581b,c4923844953bd479a99bd9bb51b1538e,cf512f396e3f8860a7856ab60f9c1c99,182,47,8.054,,,,1400000,100000,242
100000,serial,duckdb,Comparison,2026-10-05T08:09:30.380000+00:00,15891890-fe8a-4bc6-a1a4-296da0729f8e,4674511f1b6ad539f4fc8b8a96c3dd20,4c7eb6f6f8a78d2754fe0864112bfea7,1729,871,738.102,0.099,43.798,156434,156430,,28
100000,serial,duckdb,Comparison,2026-10-05T08:09:30.957000+00:00,6dc5aef0-3745-4c76-b436-b702bef0ab77,4674511f1b6ad539f4fc8b8a96c3dd20,4c7eb6f6f8a78d2754fe0864112bfea7,1729,1436,576.02,714.545,59.434,156434,16384,,19
100000,serial,duckdb,Total,2026-10-05T08:09:32.157000+00:00,96f3b83a-4051-4a6e-95a4-6c838fa2cdca,9ed3511e919d880db604615b894d2fc8,34ba9c34557c42c5779a61ae7d4bec40,1156,861,714.906,0.094,34.0,156434,156430,,28
100000,serial,clickhouse,Total,2026-10-05T08:09:32.409000+00:00,17952963-001d-4854-996e-f935d260e9d2,7e88971ebd47821c1efe8be1d76220e0,e6549387e6d6b7fb9e746214e0a04df8,211,56,16.544,,,,1400000,100000,242
100000,serial,duckdb,Daily trend,2026-10-05T08:09:33.588000+00:00,b8fb5291-2354-4dd2-8a13-9a265853a079,953df4e274d5a572e19e990c9422bc23,9ebc71cfb145f2b0d92cf1ed3a540d3d,1126,821,679.523,0.085,38.392,156434,156430,,1737
100000,serial,clickhouse,Daily trend,2026-10-05T08:09:33.837000+00:00,c74a992d-a60f-466d-9b32-33253270eb56,fa32542b4e9a1ca6fafa15ff207d6fab,5f9792f36eec3530f919f6135ea47903,205,63,22.298,,,,1400000,100000,2461
100000,serial,duckdb,Campaign breakdown,2026-10-05T08:09:35.066000+00:00,9c5d631a-beed-4beb-a2df-1f4a2850bdc0,ac05b45d8f8031caa8175eb5e894755a,49c3ad229dfe3699c352480180de3dc2,1179,902,765.252,0.089,41.659,156434,156430,,31961
100000,serial,clickhouse,Campaign breakdown,2026-10-05T08:09:35.342000+00:00,93a973a3-d261-459b-b6f5-f63683fe023a,464727923555bc96431f52ce1d129bd1,e27d290795e3a3b58afe4161a7d2246d,228,92,48.85,,,,5290000,100000,40732
100000,serial,duckdb,Comparison,2026-10-05T08:09:36.409000+00:00,be24e5ee-fac5-457c-801b-bd0c41cf7225,73418ecc96b0862c8890a7cfe241edf4,e56639987070cc00ffc9fe6fa8fe3f84,1461,733,598.095,0.07,35.835,156434,156430,,28
100000,serial,duckdb,Comparison,2026-10-05T08:09:36.852000+00:00,2d4d2909-548a-4d86-bfaf-3f0682b74241,73418ecc96b0862c8890a7cfe241edf4,e56639987070cc00ffc9fe6fa8fe3f84,1461,1158,458.515,541.277,67.208,156434,16384,,19
100000,serial,clickhouse,Comparison,2026-10-05T08:09:37.078000+00:00,55928890-c299-4494-ab80-5f0f5b5aa2a9,9209b3e77a12523da92f7006e08c88f4,01762da40949adcad83a203f704e912c,191,41,2.521,,,,0,0,222
100000,serial,clickhouse,Comparison,2026-10-05T08:09:37.094000+00:00,fdea6215-fc83-4995-a6e7-8f660b8ca978,9209b3e77a12523da92f7006e08c88f4,01762da40949adcad83a203f704e912c,191,57,17.731,,,,1400000,100000,242
100000,serial,clickhouse,Total,2026-10-05T08:09:37.343000+00:00,df09f7c7-46ea-43e4-98a7-b4c1c7f42a91,59c411f11a3cbc79ecdf8e6882acc5bc,dfcaa1b88c51b3522d3c60298b453369,206,55,16.872,,,,1400000,100000,242
100000,serial,duckdb,Total,2026-10-05T08:09:38.417000+00:00,83c278c4-3e2e-4a1b-a4dd-e80aaf28c72d,ef7375d9c680fdac6a6ca059a0fd5043,a1432c6f7690bbbe956f92097e048608,1028,741,622.288,0.117,32.595,156434,156430,,28
100000,serial,clickhouse,Daily trend,2026-10-05T08:09:38.672000+00:00,d47215c3-bcc1-4d6d-b7bd-78da21ce747e,4751e0764257ea43f942f297323a4050,3ce17503053ea8d71006c18413f4064f,213,62,23.253,,,,1400000,100000,2461
100000,serial,duckdb,Daily trend,2026-10-05T08:09:39.857000+00:00,16a7b7c9-2120-4054-8461-fb4912e3dec3,3a55a37546ea7d17ef611cffd1cf2c79,4d8731516ea4b4f910574a0f6f472d84,1137,823,693.097,0.14,38.763,156434,156430,,1737
100000,serial,clickhouse,Campaign breakdown,2026-10-05T08:09:40.141000+00:00,23438c4c-87fb-4e8f-8c18-92c91d3d73f3,b62cfd2978f3b29a8b5e150c5b66e323,4380bc638a8d522ace0f49e35f809879,242,94,50.178,,,,5290000,100000,40733
100000,serial,duckdb,Campaign breakdown,2026-10-05T08:09:41.220000+00:00,55a55f04-aef2-4984-92a4-97682dce98d3,5e08bc0b0b3c176f0d42dc0db4c50cd6,9e443bb13b51c3c6325ea3e156b85245,1018,715,592.788,0.077,32.135,156434,156430,,31961
100000,serial,clickhouse,Comparison,2026-10-05T08:09:41.459000+00:00,ca6d8d4d-1c9b-4942-ae6b-8fa2beec758e,e9228b5bb40933346621514bfa864461,c021e0d96269a7ac382aa3dbd89e8cd4,198,44,4.639,,,,0,0,222
100000,serial,clickhouse,Comparison,2026-10-05T08:09:41.468000+00:00,d7c48c4e-f827-460c-b3a0-9d8d3bf2c28e,e9228b5bb40933346621514bfa864461,c021e0d96269a7ac382aa3dbd89e8cd4,198,53,13.319,,,,1400000,100000,242
100000,serial,duckdb,Comparison,2026-10-05T08:09:42.542000+00:00,16b01b06-962a-463b-a760-10ff6dec8f04,f578a2bc698114091ca90e4139ecd1f4,5bdbf968c2a440e565f54aed4654bc07,1729,761,638.796,0.096,35.108,156434,156430,,28
100000,serial,duckdb,Comparison,2026-10-05T08:09:43.239000+00:00,c5753de8-a275-4b8f-a8b8-fd34a1afb719,f578a2bc698114091ca90e4139ecd1f4,5bdbf968c2a440e565f54aed4654bc07,1729,1405,692.678,574.374,45.948,156434,16384,,19
100000,concurrent,duckdb,Daily trend,2026-10-05T08:09:44.491000+00:00,5edfece2-5cfd-49c4-b9fc-032032a8994a,c1e8e529b52a0a0044900c8bb869176e,d057ac9c5f69def218d832bf5653e9b7,1150,850,718.254,0.082,32.664,156434,156430,,1737
100000,concurrent,duckdb,Total,2026-10-05T08:09:45.347000+00:00,a6499e26-620b-465f-961c-2389b6e891ad,a1da778c5421f537c6152a94b5eb9695,f43496f8de3b1342a4c9e945228661fa,1772,1400,869.06,336.029,109.91,156434,156430,,28
100000,concurrent,duckdb,Campaign breakdown,2026-10-05T08:09:46.054000+00:00,84825e0d-0600-4842-848d-4d5b5da9883c,12f91f7de45a3961652beac871ba632c,f3dd0822be28dac09a22a5875b8e3411,2458,2036,701.274,1191.443,60.283,156434,156430,,31961
100000,concurrent,duckdb,Comparison,2026-10-05T08:09:46.527000+00:00,df1cae5f-d559-4751-ab1c-f9a774bdc11f,5869a4e9229727804552a39c3abf400e,d0badbee2500c45933228ad3f2002358,3556,2495,467.974,1882.958,60.068,156434,16384,,19
100000,concurrent,duckdb,Comparison,2026-10-05T08:09:47.151000+00:00,ac65f3a0-e1b1-41e1-9b9a-994937ef9fee,5869a4e9229727804552a39c3abf400e,d0badbee2500c45933228ad3f2002358,3556,3117,604.693,2306.704,98.603,156434,156430,,28
100000,concurrent,clickhouse,Daily trend,2026-10-05T08:09:47.428000+00:00,d7de03f9-ee99-4479-941b-1586d5c21d51,9372708a981e04b9fd58b90c6c16d04f,88eac2d619b147b6e6c9fcffc3513057,236,66,14.037,,,,1400000,100000,2459
100000,concurrent,clickhouse,Comparison,2026-10-05T08:09:47.460000+00:00,1f46e526-caec-44ff-b1a2-38af985dcd88,579535e2387c17d9f427ba186e55af33,957fdfa23f0e6070d54bc210ba41e6f1,284,58,17.414,,,,0,0,221
100000,concurrent,clickhouse,Total,2026-10-05T08:09:47.466000+00:00,76290289-6764-4e9a-b414-c89a68ee5e9c,4cefe33ace728b2070038f8eaee99a24,6a70c091824101949525ee30cc8f7555,278,102,18.135,,,,1400000,100000,242
100000,concurrent,clickhouse,Campaign breakdown,2026-10-05T08:09:47.467000+00:00,6742a73a-e0b9-4b0d-90c0-e50886d3c4d4,943e1e8ab8942bc6d3823efac0bd1010,8ebd6bafb1622e549e7257e62f0ca0fe,276,74,35.19,,,,5290000,100000,40733
100000,concurrent,clickhouse,Comparison,2026-10-05T08:09:47.478000+00:00,33f09c51-05f5-4978-ab93-b31bb77bb35c,579535e2387c17d9f427ba186e55af33,957fdfa23f0e6070d54bc210ba41e6f1,284,76,22.9,,,,1400000,100000,241
100000,concurrent,clickhouse,Total,2026-10-05T08:09:47.731000+00:00,0cb7fd84-00e2-4418-bd74-91fecff4287f,184cc74facf81a45b724d86bfd8dd03e,630323ca9e645331d1a3365a7b9ed3c6,209,55,15.594,,,,1400000,100000,242
100000,concurrent,clickhouse,Comparison,2026-10-05T08:09:47.756000+00:00,bcbe664e-35ae-4ad9-a887-91d11fb1716d,18792fe123a5b2c8ae99cd7c17988299,01a85ad3433278fdff3f94febab03fb7,242,49,5.814,,,,0,0,222
100000,concurrent,clickhouse,Comparison,2026-10-05T08:09:47.772000+00:00,61e4bd7b-78a4-4c80-b956-56dee6848b9e,18792fe123a5b2c8ae99cd7c17988299,01a85ad3433278fdff3f94febab03fb7,242,65,22.603,,,,1400000,100000,242
100000,concurrent,clickhouse,Daily trend,2026-10-05T08:09:47.773000+00:00,68392d27-eb25-474e-af4a-dbba58cf2783,064b646ed9b446925e5be71d6460ac9d,0b108ed0f27491bd6b89b9ee18fba20b,246,69,27.123,,,,1400000,100000,2461
100000,concurrent,clickhouse,Campaign breakdown,2026-10-05T08:09:47.787000+00:00,c8108b9b-9890-4219-bc3f-9cc75d15dcac,aa723bb6d27944acc7a576e36cfb4f9a,6a1e391be04839a925a2b1a85aa9f560,258,85,46.528,,,,5290000,100000,40733
100000,concurrent,duckdb,Daily trend,2026-10-05T08:09:48.984000+00:00,6487322f-b117-49e7-9233-b4599fec97ef,f88c15cfbfc732b00b4662690918974b,af7830f3d428ab4d2f7c88bc2e7daa21,1135,754,637.558,0.088,32.354,156434,156430,,1737
100000,concurrent,duckdb,Total,2026-10-05T08:09:49.668000+00:00,006859f5-f5e7-4ee8-8b5d-84114cfac050,c93cb03e89e01892b566835fe6730cbb,67aef4de4adecc9a1ad437a152e1b8be,1818,1425,676.416,617.647,42.937,156434,156430,,28
100000,concurrent,duckdb,Comparison,2026-10-05T08:09:50.174000+00:00,a08bd9bc-efcb-41ab-b24a-e38968de23cb,390d9326e17af7b22b131b8c62d6e9fe,b2c69147fd60fe4b16ba0024ed1a6942,2935,1925,506.328,1294.015,40.657,156434,16384,,19
100000,concurrent,duckdb,Comparison,2026-10-05T08:09:50.788000+00:00,6cbf30fb-a44e-44df-9fa9-d2facdc3044e,390d9326e17af7b22b131b8c62d6e9fe,b2c69147fd60fe4b16ba0024ed1a6942,2935,2524,602.353,1781.451,43.197,156434,156430,,28
100000,concurrent,duckdb,Campaign breakdown,2026-10-05T08:09:51.475000+00:00,3b73897a-2a16-4096-9a6b-14830daacb39,f0b0700ccb59a67a2a3fcf8fffab576f,cbbfb14c002fc9f8bfc231b2703bada2,3625,3182,690.114,2332.58,70.306,156434,156430,,31961
100000,concurrent,duckdb,Daily trend,2026-10-05T08:09:52.647000+00:00,34b8ccb7-7849-4955-97ae-3e55e64100a4,1b6d78eeca868cf670a3183ea1bb07de,8021b62f44e4e605a3b8c6b2f9cc8f62,1138,801,670.921,0.091,45.988,156434,156430,,1737
100000,concurrent,duckdb,Comparison,2026-10-05T08:09:53.357000+00:00,62868d77-e68e-4e90-acb6-1a51914629da,57ae56ac1589ed6812394bd46f83d61a,b3658314a09b37930a2aeb5ce10f2dcf,3363,1503,701.034,660.778,53.188,156434,156430,,28
100000,concurrent,duckdb,Total,2026-10-05T08:09:54.271000+00:00,aaf6953e-367b-45eb-8edc-ec09ea2c4476,416796e267742c86b0e0cb78c1f626aa,45f28295c0b338827d8b453b0f43a127,2766,2404,910.055,1357.449,50.496,156434,156430,,28
100000,concurrent,duckdb,Comparison,2026-10-05T08:09:54.872000+00:00,ba9b7103-585a-4404-a4bc-7d4d38990fc2,57ae56ac1589ed6812394bd46f83d61a,b3658314a09b37930a2aeb5ce10f2dcf,3363,3010,591.042,2265.827,59.131,156434,16384,,19
100000,concurrent,duckdb,Campaign breakdown,2026-10-05T08:09:55.834000+00:00,3eb82252-63b0-4d83-b955-a454b16e68c8,b4b21d554d08f760bb80ad6a10bb16f7,0fd2f28f02b30ce7eaa16cbc80af4b0d,4328,3964,963.35,2856.854,54.797,156434,156430,,31961
100000,concurrent,clickhouse,Comparison,2026-10-05T08:09:56.067000+00:00,4cbc8905-ee1f-4b75-b65a-dcca6fe04db3,a40854312a320948689eb3c6fcd8fd16,134d7255cc206b96c75c4424c51376bb,214,47,5.181,,,,0,0,221
100000,concurrent,clickhouse,Comparison,2026-10-05T08:09:56.079000+00:00,29baca8a-9145-4d72-93b7-aea132a72ebb,a40854312a320948689eb3c6fcd8fd16,134d7255cc206b96c75c4424c51376bb,214,59,18.988,,,,1400000,100000,241
100000,concurrent,clickhouse,Campaign breakdown,2026-10-05T08:09:56.106000+00:00,13883dea-a20d-4798-83a3-69133ad206d9,191836e2ae675fa7b8cfa0e488586cd5,4163760f324a9844e3f5ae669a354a1a,242,97,53.818,,,,5290000,100000,40733
100000,concurrent,clickhouse,Daily trend,2026-10-05T08:09:56.124000+00:00,f0bec77d-54a9-4b10-b2c0-fee2c4bc94e0,f8685efde181c32871ffa836b82da02e,b8c50015847b1679eadfc0e16bbdc1ee,259,68,27.816,,,,1400000,100000,2461
100000,concurrent,clickhouse,Total,2026-10-05T08:09:56.125000+00:00,9b318d87-0b2b-41d0-a94c-1c943731f8b0,911fd1a6e06e729181bdb803c5e4cfe8,e26987956e897723aaa35eac2fc77bd5,264,56,18.403,,,,1400000,100000,242
100000,concurrent,clickhouse,Comparison,2026-10-05T08:09:56.396000+00:00,4da37fce-441c-4852-8083-de4132933689,900a4afe2c80c994fcf574ff08e7dd34,c827e122be23ca7c34dc649d2d507d33,235,51,11.729,,,,0,0,222
100000,concurrent,clickhouse,Comparison,2026-10-05T08:09:56.411000+00:00,5844a8a2-9030-4c2a-822c-037e538a0a61,900a4afe2c80c994fcf574ff08e7dd34,c827e122be23ca7c34dc649d2d507d33,235,66,24.305,,,,1400000,100000,242
100000,concurrent,clickhouse,Daily trend,2026-10-05T08:09:56.427000+00:00,8c8d519e-9a1c-4b7d-9d15-c82918c6f2bc,e84deac3daab68724bc59d66e8aba2b1,5ec956465dbf1ecbda454690d0877af4,256,79,39.147,,,,1400000,100000,2461
100000,concurrent,clickhouse,Total,2026-10-05T08:09:56.427000+00:00,bfaf9390-0803-4475-a281-77b4be9642af,ce7532fd231a7e57de7c35a9591be58a,ca723e3fef0542c5656628b9e991184e,254,77,26.642,,,,1400000,100000,242
100000,concurrent,clickhouse,Campaign breakdown,2026-10-05T08:09:56.470000+00:00,bb539d8d-e2b4-4c7b-a86e-b8a9f682437d,00d1c7d172164119389297d9478b1f7b,64b6de32c538dbe1a438e4306426683c,295,121,79.236,,,,5290000,100000,40733
100000,concurrent,duckdb,Campaign breakdown,2026-10-05T08:09:57.592000+00:00,25cd4098-9e53-42cd-9b0a-ff421f238b2b,169e753fc46e283e8672df2347f26cce,dd6bcbb3a2a13e9841116fcfc0b8c588,1080,789,672.054,0.13,34.816,156434,156430,,31961
100000,concurrent,duckdb,Total,2026-10-05T08:09:58.335000+00:00,11d4d5fe-6efe-4614-b5f8-bb629e484eaf,8dd1d4322232ffce5a80dffa6e0b8b57,649856a5c07ced575d859e57d149f49d,1816,1511,743.463,646.626,43.911,156434,156430,,28
100000,concurrent,duckdb,Comparison,2026-10-05T08:09:59.117000+00:00,5c24a1a7-aa5c-4d40-8341-c1333f3170a7,281b4619ac81e41d49731db5e2042e30,7565ad973537b2e1b030fefb9f7c001f,3098,2273,760.62,1356.94,60.439,156434,156430,,28
100000,concurrent,duckdb,Comparison,2026-10-05T08:09:59.616000+00:00,0fff6b77-f296-4441-b9a5-f154320ba2bc,281b4619ac81e41d49731db5e2042e30,7565ad973537b2e1b030fefb9f7c001f,3098,2757,513.805,2049.841,113.354,156434,16384,,19
100000,concurrent,duckdb,Daily trend,2026-10-05T08:10:00.321000+00:00,7b29dfb5-a491-4f0b-a1a2-3f738119092f,64e9395bc0bb7a6f49e56e57025be69b,fc8a4026847b6a5d515ed7bb80d886ab,3803,3533,692.371,2462.231,289.398,156434,156430,,1737
100000,concurrent,duckdb,Daily trend,2026-10-05T08:10:01.528000+00:00,f72a6431-74c5-45b6-868c-8ef80e66387d,691c9eb975672d9e3b36370643e15245,b2aa7318467081cdb686181fc53dc861,1172,855,731.302,0.08,33.618,156434,156430,,1737
100000,concurrent,duckdb,Campaign breakdown,2026-10-05T08:10:02.249000+00:00,023dbf21-6659-4629-b1c4-ce86363fcdca,b9674e7b57c8bc85f17fe953ec1bfb1c,edc472a3aa96066f541c3ef644d0989a,1893,1563,652.1,717.463,108.438,156434,156430,,31961
100000,concurrent,duckdb,Comparison,2026-10-05T08:10:02.961000+00:00,b6f98406-7a95-4bb1-a6fe-b56dfbde5909,ded195f6211606f4a5a42bc01b2985e4,424d70e3db567867cb0dfdd8705b4d4a,3098,2277,765.617,1356.443,55.94,156434,156430,,28
100000,concurrent,duckdb,Comparison,2026-10-05T08:10:03.452000+00:00,cf40a479-3b0f-4a92-9888-771a99cd3e1e,ded195f6211606f4a5a42bc01b2985e4,424d70e3db567867cb0dfdd8705b4d4a,3098,2768,501.419,2121.777,55.803,156434,16384,,19
100000,concurrent,duckdb,Total,2026-10-05T08:10:04.066000+00:00,3d659ee2-9c28-4681-8e20-690e160e8073,d240cd458eeb9f0e20c73f3a3a1551fa,d1a1024d7f564543e8c8014583c37c60,3713,3329,614.264,2587.734,41.002,156434,156430,,28
100000,concurrent,clickhouse,Daily trend,2026-10-05T08:10:04.286000+00:00,b9e2c813-f8f6-4226-a661-d62aaf37083f,afe8568e8c354e9e63777d2259c1f88f,1596c867e405abdc66b430223293e7a6,193,63,22.841,,,,1400000,100000,2461
100000,concurrent,clickhouse,Total,2026-10-05T08:10:04.307000+00:00,798b32a7-633a-4e2e-8e48-18c5ecdf9814,d44cd0b3e9f2579a9264d5efbb6284d5,410e8b80cfa707ad59854b49798c105e,212,55,17.179,,,,1400000,100000,242
100000,concurrent,clickhouse,Comparison,2026-10-05T08:10:04.314000+00:00,0cb3cef9-56d6-417e-beb6-853b73a85f0d,e8d4c1fc56fc701a8cfa653089d29e07,f04f22e3144cf64980d85759741921a2,230,47,5.309,,,,0,0,222
100000,concurrent,clickhouse,Comparison,2026-10-05T08:10:04.327000+00:00,c6e7e529-f695-4661-9bf0-c45cfea8e98d,e8d4c1fc56fc701a8cfa653089d29e07,f04f22e3144cf64980d85759741921a2,230,60,19.151,,,,1400000,100000,242
100000,concurrent,clickhouse,Campaign breakdown,2026-10-05T08:10:04.364000+00:00,e6f8c84e-9df7-4c47-8c7b-e5f8307e9c22,c35557346fa4220b9b6fee4e1c2e9ca9,d4bc71b4f3e37a8188cf43f005340044,265,103,62.731,,,,5290000,100000,40732
1000000,serial,duckdb,Total,2026-10-05T08:11:40.752000+00:00,d57c9bde-69e6-4ba4-ac50-ee5a21a4969b,241dc79c3cea1561f2e706b42a554165,c1e44da768a9ea7e72c60afd6677918f,1681,1385,1253.041,0.064,38.894,1536777,1485026,,29
1000000,serial,clickhouse,Total,2026-10-05T08:11:41.040000+00:00,d222230a-1e71-4855-8fa7-0fd29ec6744f,6a3cda19ddff80e41b7ae6a4b47d17cc,352752e60c31f19a47c7b2d86eeed6e7,264,106,66.832,,,,14000000,1000000,245
1000000,serial,duckdb,Daily trend,2026-10-05T08:11:42.679000+00:00,e2249b67-9703-4975-a652-d8d176de46ac,fb40b9c6b59413e08718a4a59054add7,d4c5be59c94a076604ed2467ca085bda,1603,1309,1181.012,0.117,44.871,1536777,1485026,,1765
1000000,serial,clickhouse,Daily trend,2026-10-05T08:11:43.019000+00:00,1fed87a1-d7d0-4c64-8332-99e6957fbed2,c71d69725dcfcea05c44747d50541362,65892ad6b0d33b8a3efe95f017775db3,310,157,92.189,,,,14000000,1000000,2491
1000000,serial,duckdb,Campaign breakdown,2026-10-05T08:11:44.763000+00:00,b6e0e1da-fadb-4c14-a1d7-fd7c38001274,d8f2bf79d111b183515763e87eb901f7,46253163f81d2cf8f2f3849fcf02781f,1704,1376,1237.113,0.071,47.816,1536777,1485026,,32361
1000000,serial,clickhouse,Campaign breakdown,2026-10-05T08:11:45.216000+00:00,9ac861ba-4384-4bbd-a71f-381530225cb8,3a64ef464134dbfbb97c89c357cd041f,c8e843a6bb7cede72ca4fb50b324c4d7,408,270,203.296,,,,52900000,1000000,41135
1000000,serial,duckdb,Comparison,2026-10-05T08:11:46.984000+00:00,fe64d8dc-7d83-4f61-94f3-e174e9d41497,963acb5dd34acc16f2ac4bb3f1b4cae6,fff681cd75648862940b2d0e8dd20ab8,2198,1454,1311.882,0.07,54.048,1536777,1485026,,29
1000000,serial,duckdb,Comparison,2026-10-05T08:11:47.450000+00:00,d2cc6078-9d64-43f9-b821-4646db0232a6,963acb5dd34acc16f2ac4bb3f1b4cae6,fff681cd75648862940b2d0e8dd20ab8,2198,1900,474.037,1267.282,77.681,1536777,16384,,19
1000000,serial,clickhouse,Comparison,2026-10-05T08:11:47.685000+00:00,d83c2b34-8ffb-475b-b530-99fc95a1f226,397910d4c1e9cf6539a93b38057da823,41b837745853b29f505220034826c6f4,262,55,10.457,,,,0,0,221
1000000,serial,clickhouse,Comparison,2026-10-05T08:11:47.738000+00:00,142a1c78-65a3-49d6-b761-ab63135e7265,397910d4c1e9cf6539a93b38057da823,41b837745853b29f505220034826c6f4,262,108,68.606,,,,14000000,1000000,245
1000000,serial,clickhouse,Total,2026-10-05T08:11:48.035000+00:00,1d204c64-de46-4ef3-bd1b-bb97205d299a,dd3ad87059197d524c12da70750298f5,025151797f70b25c40532bab8b928bd5,261,105,65.962,,,,14000000,1000000,245
1000000,serial,duckdb,Total,2026-10-05T08:11:49.558000+00:00,574e9f7c-0e29-441d-a0fe-2c78e2f34422,9a2491eebe64e490b6d948bf308ac37a,666f6a75263c516a5d77ad2ded39bbab,1488,1181,1041.54,0.066,59.393,1536777,1445932,,29
1000000,serial,clickhouse,Daily trend,2026-10-05T08:11:49.922000+00:00,631c664c-b1a9-4597-867c-ff0943e32d0e,310499db53359462f04f8d6a1ee0f082,7f72b3fe23bcf5038b729d405e950375,335,152,114.472,,,,14000000,1000000,2491
1000000,serial,duckdb,Daily trend,2026-10-05T08:11:51.477000+00:00,406c6e43-849d-4e6e-a913-8783db0830fb,5bd31214d2e7cac13c9f01639fcfe9e9,4d691770fd92e2cba264b22053d870df,1519,1220,1095.606,0.072,35.322,1536777,1485026,,1765
1000000,serial,clickhouse,Campaign breakdown,2026-10-05T08:11:51.909000+00:00,f84fb171-4247-4db1-ab79-11c40f72b956,90585e91f16a6b706ce180762d557df7,b1eaeec821bea9f90a55ebd96f94e061,405,261,220.104,,,,52900000,1000000,41135
1000000,serial,duckdb,Campaign breakdown,2026-10-05T08:11:53.542000+00:00,68c6b91a-48b9-4b34-8bbd-3deae2c7ce98,cb0896133e9a75c80763cfe5399c8867,e04d8bbb485f404aef4c757433b52ed0,1597,1299,1126.115,0.08,89.805,1536777,1485026,,32361
1000000,serial,clickhouse,Comparison,2026-10-05T08:11:53.776000+00:00,76805dc6-38e6-465b-a97b-f07ada333faa,98ace007dc1f476d0abdf7274a4d4169,b815ff9b5dacf03d657d86f077a267e2,257,46,4.826,,,,0,0,222
1000000,serial,clickhouse,Comparison,2026-10-05T08:11:53.828000+00:00,51b54422-6450-43c2-b461-ed813a86a7db,98ace007dc1f476d0abdf7274a4d4169,b815ff9b5dacf03d657d86f077a267e2,257,98,58.681,,,,14000000,1000000,245
1000000,serial,duckdb,Comparison,2026-10-05T08:11:55.480000+00:00,13c9fe08-5cd5-4097-ae17-ce5e27885184,e801aa8d7e65d697a25f69a3f9007a83,55bf84aa9b66c9f84189e8d47a125624,2316,1347,1209.228,0.138,45.634,1536777,1485026,,29
1000000,serial,duckdb,Comparison,2026-10-05T08:11:56.181000+00:00,cc55f795-62e6-472e-8dfc-de0baeacfc32,e801aa8d7e65d697a25f69a3f9007a83,55bf84aa9b66c9f84189e8d47a125624,2316,2003,712.861,1114.474,96.666,1536777,16384,,19
1000000,serial,duckdb,Total,2026-10-05T08:11:57.809000+00:00,e53cfb5a-42fe-4b60-9498-50696e6d5aca,08150ef2de6754aac52ee2dbfbe47f69,1b7749748d82dfe97cbfb08ceab6e804,1601,1329,1205.242,0.11,37.648,1536777,1485026,,29
1000000,serial,clickhouse,Total,2026-10-05T08:11:58.078000+00:00,d731d805-3d1e-43f3-bdf3-daf665ebf1b1,0b673946700ef5851604e0b5d2e066da,1b96d0b4100eb2af285cd0860e078a9c,245,101,62.932,,,,14000000,1000000,245
1000000,serial,duckdb,Daily trend,2026-10-05T08:11:59.708000+00:00,cac05a6a-d382-47d8-a4e8-8739a19b8bcc,3d05daaff3bece729e644b22b46e3990,ec6e5b89bc94090ea59ee0bf49368817,1598,1257,1136.58,0.074,37.346,1536777,1485026,,1765
1000000,serial,clickhouse,Daily trend,2026-10-05T08:12:00.007000+00:00,8e094a29-5319-46a3-a35d-a74e749fbada,1d5c4f4242e879da23f04b4b0492f94d,e5f8680f18ea1ed9d999a3dc563f40db,274,133,93.342,,,,14000000,1000000,2490
1000000,serial,duckdb,Campaign breakdown,2026-10-05T08:12:01.609000+00:00,0fb28cc8-672d-4a80-94e0-35397871c7f0,c687f856dad427372cf75c9ed625f668,b066b91b0fa663647f8e954b4ccb129a,1570,1273,1134.934,0.08,40.986,1536777,1485026,,32361
1000000,serial,clickhouse,Campaign breakdown,2026-10-05T08:12:02.064000+00:00,16da0c09-772e-4005-aa15-82f6cf17242b,e2427ecd302f3cfd62ed99df8e2eb086,a1b2c25619d4fb976f8ec7eb35ea3984,431,275,231.819,,,,52900000,1000000,41135
1000000,serial,duckdb,Comparison,2026-10-05T08:12:03.186000+00:00,f529be72-795a-4a63-8fb8-5d79b45a2eae,83f0cc62f60cb4ec22000d8f356f0740,7e6b634d63822092719363978ca922ca,2273,760,633.187,0.118,38.695,1536777,16384,,19
1000000,serial,duckdb,Comparison,2026-10-05T08:12:04.374000+00:00,ba1e3b3c-acd5-4d14-9ae9-f4578109bb9f,83f0cc62f60cb4ec22000d8f356f0740,7e6b634d63822092719363978ca922ca,2273,1932,1183.391,609.623,51.986,1536777,1485026,,29
1000000,serial,clickhouse,Comparison,2026-10-05T08:12:04.584000+00:00,9366ad17-c3ca-43fa-847c-a77485396b52,8a712107aa1bec4b09dbc0b24a448d60,9b102ee118b9170fa8e81d247bc07cee,252,43,4.663,,,,0,0,222
1000000,serial,clickhouse,Comparison,2026-10-05T08:12:04.650000+00:00,255553df-62f4-4683-ab1c-837548e8fcb5,8a712107aa1bec4b09dbc0b24a448d60,9b102ee118b9170fa8e81d247bc07cee,252,109,69.17,,,,14000000,1000000,245
1000000,serial,clickhouse,Total,2026-10-05T08:12:04.927000+00:00,3c48a902-48e3-4dc3-ae77-5c3c29b2f6cc,6c48869ca71a1da7de0ee81397504f90,aa523732946b30cc608aa71e05877efe,239,95,56.672,,,,14000000,1000000,245
1000000,serial,duckdb,Total,2026-10-05T08:12:06.428000+00:00,4acddbf4-fbbd-4e38-9c7b-cc74af45d4c3,3d9d5edffc358a7bff5bf293bdadba04,9170c7b507e58c1039f0968738cd6ccf,1467,1185,1059.667,0.078,43.256,1536777,1485026,,29
1000000,serial,clickhouse,Daily trend,2026-10-05T08:12:06.730000+00:00,9f990255-d61f-4a0a-a170-8d64949243fe,6004520a28c324868fef71ced2ff7898,0d6dbb543982ca91edcfbddb4fd15ada,275,131,92.814,,,,14000000,1000000,2491
1000000,serial,duckdb,Daily trend,2026-10-05T08:12:08.322000+00:00,4d5a5ab7-52a0-4a96-85ec-7095dcdc35e5,1379f8eabcd2da51c6c6db4c57e0083a,1aba5eb5ac20cea8f0a0689ed80cbe9f,1555,1267,1149.419,0.07,33.51,1536777,1485026,,1765
1000000,serial,clickhouse,Campaign breakdown,2026-10-05T08:12:08.754000+00:00,d2a5be82-cdcb-4ccb-915b-e8539e3022ab,6e0fdbb030423a1d3cb48103862597cd,4ec2e4641c7aaae43678a645e794dae0,405,262,219.716,,,,52900000,1000000,41135
1000000,serial,duckdb,Campaign breakdown,2026-10-05T08:12:10.556000+00:00,4184b736-f427-4ccc-965a-d24b7ee37acc,794e74753f099a1e308a3ce087fff2d4,7ec3b7e54b90b8640d55ec12e94d442d,1766,1427,1296.531,0.118,42.351,1536777,1485026,,32361
1000000,serial,clickhouse,Comparison,2026-10-05T08:12:10.771000+00:00,12fe3aa3-9a7a-4b23-afd6-2a2f173d9447,fd4aff4f6d941c700a2b07f28ffabd84,3c27ba91925d88dc7b8d691e6aa982ce,230,58,16.443,,,,0,0,222
1000000,serial,clickhouse,Comparison,2026-10-05T08:12:10.812000+00:00,1e842633-368f-4867-b757-1a8e0ca7d31c,fd4aff4f6d941c700a2b07f28ffabd84,3c27ba91925d88dc7b8d691e6aa982ce,230,99,58.499,,,,14000000,1000000,245
1000000,serial,duckdb,Comparison,2026-10-05T08:12:11.823000+00:00,0d909911-d9fc-45d9-8b52-2e78ce2470db,6ebb4814719ed261d624a529ad7a0341,261584eb71cc42487cc2bea0e38b6ee5,2409,698,569.408,0.125,37.467,1536777,16384,,19
1000000,serial,duckdb,Comparison,2026-10-05T08:12:13.259000+00:00,212d54cd-868d-4394-9a42-920202f4e5e1,6ebb4814719ed261d624a529ad7a0341,261584eb71cc42487cc2bea0e38b6ee5,2409,2116,1426.272,546.336,54.392,1536777,1485026,,29
1000000,serial,duckdb,Total,2026-10-05T08:12:14.671000+00:00,9f8f3e44-d558-405c-8554-5dd1dd848edd,ec58faf1b92d5f9c3efc98cf4f28d64d,35432db65dd931407c09559ddd90640a,1383,1111,988.413,0.065,34.522,1536777,1485026,,29
1000000,serial,clickhouse,Total,2026-10-05T08:12:14.944000+00:00,1b99e15d-cc6a-4373-9da3-db462cb871ad,acd203ce5ca09d126c1cdbb308b0109c,92ebc2dc54e0febdb931c3c24f1bfd66,245,103,62.858,,,,14000000,1000000,245
1000000,serial,duckdb,Daily trend,2026-10-05T08:12:16.382000+00:00,9014f8c7-babe-4d18-bffb-f3dbc409bd53,e3648b6280f3fc62f77a7369dd6fbf90,8248676399dae1eed3bac71720010b0c,1401,1123,1006.243,0.091,37.666,1536777,1485026,,1765
1000000,serial,clickhouse,Daily trend,2026-10-05T08:12:16.690000+00:00,363d912a-87ef-4afc-82cc-5c0cd664abb2,d621c6afac47aca1b6ca003d3f1ecc14,044990f141dd596973cfca5b2f0f1ae2,280,125,86.123,,,,14000000,1000000,2491
1000000,serial,duckdb,Campaign breakdown,2026-10-05T08:12:18.311000+00:00,dcf45100-5f19-4255-a3ef-a93ec8be99d1,4fc0c78d0cc148897102276611e5aade,91de68070140f268cdb0e63664dfff85,1588,1280,1144.47,0.081,39.449,1536777,1485026,,32361
1000000,serial,clickhouse,Campaign breakdown,2026-10-05T08:12:18.732000+00:00,0c822d17-e9c8-4a44-bb82-d954a3734a06,0407611ffaea3ed9a60151f13e1e7fa4,82d137c1be50ff2b573367663d41dc80,395,252,209.584,,,,52900000,1000000,41135
1000000,serial,duckdb,Comparison,2026-10-05T08:12:20.516000+00:00,a8175cc6-9d2d-4f15-aee5-091a3cb45d58,07dd7924b27b1ad8e6b7a619bbe1264f,88d79c2c314a8d778db2c5c9a1ec38f3,2254,1403,1282.66,0.078,38.262,1536777,1485026,,29
1000000,serial,duckdb,Comparison,2026-10-05T08:12:21.025000+00:00,b53b2657-41f5-417c-9734-45ace06dc9c1,07dd7924b27b1ad8e6b7a619bbe1264f,88d79c2c314a8d778db2c5c9a1ec38f3,2254,1897,503.438,1247.176,58.386,1536777,16384,,19
1000000,serial,clickhouse,Comparison,2026-10-05T08:12:21.227000+00:00,c468afda-e07a-42ba-b838-38fbc7215bcb,0ed805e679af3974ce607ca872ffeedc,d4847291f9714a0fa14a0b4bdb48ce5f,237,44,4.799,,,,0,0,222
1000000,serial,clickhouse,Comparison,2026-10-05T08:12:21.291000+00:00,d47d9202-fd19-4746-b300-9275ef41abbb,0ed805e679af3974ce607ca872ffeedc,d4847291f9714a0fa14a0b4bdb48ce5f,237,108,67.394,,,,14000000,1000000,245
1000000,concurrent,duckdb,Total,2026-10-05T08:12:23.029000+00:00,ff2f10bd-0a20-486a-89ac-7f06de4aad5c,428cf2b273b19216add9d5fd1e085255,7a729cc6f6906192b11c6855b6d92e83,1697,1402,1281.264,0.141,38.595,1536777,1485026,,29
1000000,concurrent,duckdb,Comparison,2026-10-05T08:12:24.317000+00:00,38c83dcc-3bc0-40f3-9fa3-c5a1d88ec4fc,4e5dd125885752d4097607bbd777d038,e0def2941bcc5606a2e6222733c95e0f,5000,2607,1293.05,1181.939,54.012,1536777,1485026,,29
1000000,concurrent,duckdb,Daily trend,2026-10-05T08:12:25.653000+00:00,c8a068b6-fc13-4d06-a571-b3c9da55ae37,6ac6510bf19d12cafe2f146474f0d56d,594bee346999600c455acf43f7861812,4314,3916,1327.464,2273.567,236.969,1536777,1485026,,1765
1000000,concurrent,duckdb,Comparison,2026-10-05T08:12:26.342000+00:00,8ebb06ae-40ef-4dbd-b0ed-c3ddd2756675,4e5dd125885752d4097607bbd777d038,e0def2941bcc5606a2e6222733c95e0f,5000,4581,692.746,3601.09,210.164,1536777,16384,,19
1000000,concurrent,duckdb,Campaign breakdown,2026-10-05T08:12:27.655000+00:00,e1dde1a6-a9b3-4ded-a464-aa90ed0868ff,e5d2e4e8432aafd2e5a28da4af9957e2,f1681c930c012080c81220e1fe00907d,6314,5870,1305.781,4293.871,183.347,1536777,1485026,,32361
1000000,concurrent,clickhouse,Comparison,2026-10-05T08:12:27.927000+00:00,527f81b4-a04c-4397-a183-79884e04eae3,e195a6dd02a814708fc406a6e62bbbc8,2f4b0f29be5f4d876c12185fb6f9b845,311,60,11.058,,,,0,0,222
1000000,concurrent,clickhouse,Total,2026-10-05T08:12:27.951000+00:00,89c55d05-48d5-4067-9f2b-60b6d799677d,5dadccae231cb914c136da4961dfd407,96c4f4b6bac5dfb943176023f93f315c,260,113,72.754,,,,14000000,1000000,245
1000000,concurrent,clickhouse,Comparison,2026-10-05T08:12:28.007000+00:00,a12d61cc-0aa3-4af2-a16f-04e3cc72625f,e195a6dd02a814708fc406a6e62bbbc8,2f4b0f29be5f4d876c12185fb6f9b845,311,140,98.989,,,,14000000,1000000,245
1000000,concurrent,clickhouse,Daily trend,2026-10-05T08:12:28.096000+00:00,6e06d1d5-1c00-4919-ac98-c327a3ddd6bd,fff3001436c2b9da20e9644d14f1e4a4,cd3ac7278173913f22fad98c880636a6,403,197,156.223,,,,14000000,1000000,2491
1000000,concurrent,clickhouse,Campaign breakdown,2026-10-05T08:12:28.218000+00:00,40d9ff7e-9da8-430b-9854-6221bcc61e8c,6075ed9fb45edfd1bb7962e6e14a0ae0,6d19df64a994cf29e5f16d3ec5e08be1,520,344,299.892,,,,52900000,1000000,41135
1000000,concurrent,clickhouse,Comparison,2026-10-05T08:12:28.588000+00:00,099f3352-91cf-4d56-9f0d-db69a0651ced,8af45ddb6b979de092f80d392a6603a6,6ee0badb9e6ecda820adc70bfd708bfb,428,43,7.401,,,,0,0,221
1000000,concurrent,clickhouse,Total,2026-10-05T08:12:28.696000+00:00,31a49aa2-feef-4a51-87b6-4432f34b81c5,989a3317728d800f9536dab256a127fd,0af20b434367c8884a39531874924899,432,150,108.055,,,,14000000,1000000,245
1000000,concurrent,clickhouse,Comparison,2026-10-05T08:12:28.698000+00:00,835b13eb-03e9-49c3-9e87-5cbeb81314aa,8af45ddb6b979de092f80d392a6603a6,6ee0badb9e6ecda820adc70bfd708bfb,428,153,116.279,,,,14000000,1000000,245
1000000,concurrent,clickhouse,Daily trend,2026-10-05T08:12:28.768000+00:00,e792a001-9f98-4043-afc4-2a6b1d7574fb,e79665f54d7fe9109770add09fd3a97c,c23e1dd64dae6f88811d73ef04d281cc,500,227,186.066,,,,14000000,1000000,2491
1000000,concurrent,clickhouse,Campaign breakdown,2026-10-05T08:12:28.899000+00:00,b62dee30-fa42-439b-a1b3-00f266e36e4e,44fb39f050c9badb693831bb25f2edc6,0a65ad54ae7c813d5c7d54c4b4010478,629,351,307.136,,,,52900000,1000000,41135
1000000,concurrent,duckdb,Total,2026-10-05T08:12:30.567000+00:00,fb02fa67-f5d7-4b19-a820-0bdd03e8089b,c202ba0f9786e22f3c9f7c3789fb423c,288e7041fea4094e43d4f1637c7cb652,1631,1366,1221.63,0.086,47.284,1536777,1485026,,29
1000000,concurrent,duckdb,Campaign breakdown,2026-10-05T08:12:31.865000+00:00,72981fe5-ee0c-42f8-bc4e-7a9b0ace3b44,23fc14eb17cd5e042c2ef06219cea945,c5811dd66ca65e970bea699b9a2fb1ce,2920,2585,1305.893,1088.025,97.082,1536777,1485026,,32361
1000000,concurrent,duckdb,Daily trend,2026-10-05T08:12:33.067000+00:00,22865b8c-25e0-43d1-a5d8-921cea204717,8e9952e1cda1c690791937660f4f8750,3942a282b8b351b94e5aee1b556fbf83,4121,3772,1214.022,2393.966,89.012,1536777,1485026,,1765
1000000,concurrent,duckdb,Comparison,2026-10-05T08:12:34.179000+00:00,a68bd81e-10a7-4c5b-8256-e908f8197589,6897daa44f8128eac4f7734f741fb44b,5b953311a2a42d51c7902069ae28a8c8,5916,4885,1086.868,3607.877,90.255,1536777,1485026,,29
1000000,concurrent,duckdb,Comparison,2026-10-05T08:12:34.865000+00:00,2c4c969b-ad6d-4396-b93a-32bd99e50c13,6897daa44f8128eac4f7734f741fb44b,5b953311a2a42d51c7902069ae28a8c8,5916,5520,710.808,4508.891,216.301,1536777,16384,,19
1000000,concurrent,duckdb,Comparison,2026-10-05T08:12:36.039000+00:00,3fc07264-1d8f-47a9-a9d3-c45639673136,733a064f182e5865657525f7f7036650,d4fa41e2d69052365f0fad78d3c288b3,5153,819,690.989,0.073,39.938,1536777,16384,,19
1000000,concurrent,duckdb,Campaign breakdown,2026-10-05T08:12:37.252000+00:00,79a1f697-67ac-47b2-be54-066fbc74b6aa,c43bed3e493f41b63bdf28aa68f2c38d,2536a09573f9b64c6ad68ebb6f303dde,2351,2006,1208.048,651.181,66.771,1536777,1485026,,32361
1000000,concurrent,duckdb,Total,2026-10-05T08:12:38.646000+00:00,48130557-eacf-4966-8051-650567a63ee7,b0358c4a22018577d0d03947792b187a,f425761e184ae70dd0f60fe33ba519c1,3753,3404,1398.33,1859.121,70.549,1536777,1485026,,29
1000000,concurrent,duckdb,Comparison,2026-10-05T08:12:40.055000+00:00,f574da46-90b6-4f28-87d6-689439248a85,733a064f182e5865657525f7f7036650,d4fa41e2d69052365f0fad78d3c288b3,5153,4791,1403.177,3249.322,58.501,1536777,1485026,,29
1000000,concurrent,duckdb,Daily trend,2026-10-05T08:12:41.409000+00:00,0e6a2daa-e9bc-48ee-ae88-8d5937e51e16,0ac5bcb411d9459b0880d79f5ec05a30,11521df52030c0659cf3b13ceabfafb2,6509,6119,1357.108,4608.918,74.973,1536777,1485026,,1765
1000000,concurrent,clickhouse,Total,2026-10-05T08:12:41.681000+00:00,297b0e87-0000-4bb0-aac3-5e0bf3083733,2ceac0de88698e9d84e41478d3517ed6,327cc08ed1f0d9745938aaff8ddd765a,249,115,72.704,,,,14000000,1000000,245
1000000,concurrent,clickhouse,Comparison,2026-10-05T08:12:41.684000+00:00,730e98bb-f1dc-4054-9632-560652e857ce,ccc49f7ecc6223419107d991aa9acf89,afed42c12ea5299b435eddac026a664c,326,45,7.231,,,,0,0,222
1000000,concurrent,clickhouse,Comparison,2026-10-05T08:12:41.767000+00:00,40044393-5a52-4fda-a0c5-0d1c52d598e3,ccc49f7ecc6223419107d991aa9acf89,afed42c12ea5299b435eddac026a664c,326,128,88.569,,,,14000000,1000000,245
1000000,concurrent,clickhouse,Daily trend,2026-10-05T08:12:41.806000+00:00,92ca06cf-75f2-4cfc-87d6-09f84d336485,a2eb3274c332680a7ce7e431c69d52a6,59f05b9f994c3758c7c18f19d74817c8,365,170,128.849,,,,14000000,1000000,2491
1000000,concurrent,clickhouse,Campaign breakdown,2026-10-05T08:12:41.916000+00:00,6bdb3570-445f-485a-be15-2a0b5216b964,89e9e9636ce3e7109f57ffbcdc470077,5e0e569ded455dbfcef842bbe9559004,474,279,235.776,,,,52900000,1000000,41135
1000000,concurrent,clickhouse,Comparison,2026-10-05T08:12:42.171000+00:00,d1694be1-0bf7-4c05-8d49-e939d1c493ad,0e1d24644970aef135c4fb9677a15fda,21ac00582b039d1cb1f7d5e4e24b3cc0,431,57,10.23,,,,0,0,222
1000000,concurrent,clickhouse,Total,2026-10-05T08:12:42.302000+00:00,fc449f5f-6f70-4a73-8d5f-16affaff8cd3,f14e31274665e3245beb9d0664c500c0,4f047a9e052ad9a827a4184958c911c7,346,181,141.606,,,,14000000,1000000,245
1000000,concurrent,clickhouse,Comparison,2026-10-05T08:12:42.396000+00:00,1c7ab88d-30c1-4ed9-8a22-c97476cc0b1f,0e1d24644970aef135c4fb9677a15fda,21ac00582b039d1cb1f7d5e4e24b3cc0,431,282,236.204,,,,14000000,1000000,244
1000000,concurrent,clickhouse,Daily trend,2026-10-05T08:12:42.497000+00:00,0199981a-2c47-40e9-9c89-c927690651e0,9226e34e952576328819900764cfb79c,281decfdd037c313f99a509014c3c35e,534,385,341.416,,,,14000000,1000000,2491
1000000,concurrent,clickhouse,Campaign breakdown,2026-10-05T08:12:42.662000+00:00,2e859c99-a0ff-4656-b8be-3966d13da109,c428c4920b4efdd98c7ce45493b8c0ea,4f622602fbffd81f2587d77b07ba0c8e,697,569,521.829,,,,52900000,1000000,41135
1000000,concurrent,duckdb,Daily trend,2026-10-05T08:12:44.377000+00:00,0b6c18c7-c4fc-4baf-99e3-4e9666ed10bf,465fae654697a635508fd7ada94b232b,adfaa37310f8bda64d1f7846fa8475f8,1674,1384,1245.39,0.068,45.542,1536777,1485026,,1765
1000000,concurrent,duckdb,Comparison,2026-10-05T08:12:45.039000+00:00,1d4f94fe-f67a-432f-989c-41814b8bad2f,10a0bd428349c2d390281312c693a056,e312bfe2b8a6094361b7e3c6d77ddcf5,4647,2036,659.399,1240.569,47.032,1536777,16384,,19
1000000,concurrent,duckdb,Total,2026-10-05T08:12:46.165000+00:00,f0b80c62-9cc4-423c-a970-d85a92b30b08,f19a34d65d22c1a33c6ea7d08577a678,f2470d9eaab7e9994b7e6f45a61c50bf,3460,3156,1133.964,1895.721,48.315,1536777,1485026,,29
1000000,concurrent,duckdb,Comparison,2026-10-05T08:12:47.352000+00:00,51e39ebb-c728-4675-a232-253f38db2703,10a0bd428349c2d390281312c693a056,e312bfe2b8a6094361b7e3c6d77ddcf5,4647,4349,1188.143,2995.353,84.505,1536777,1485026,,29
1000000,concurrent,duckdb,Campaign breakdown,2026-10-05T08:12:48.509000+00:00,45957bee-6794-4fb0-88c4-906ad410cf31,5c1d28517b2a34d24cdd1575929c5f8c,82b85143674babcd181a3d88e9c9553d,5797,5477,1149.102,4160.618,80.28,1536777,1445932,,32361
1000000,concurrent,duckdb,Campaign breakdown,2026-10-05T08:12:50.151000+00:00,7936a11b-038b-4232-819a-1f526b79fe42,b0843d83fc2b63afefcb4613ebbce42d,8ea0812ff7af123b1fd8e52692795ff4,1608,1314,1182.411,0.091,53.498,1536777,1485026,,32361
1000000,concurrent,duckdb,Comparison,2026-10-05T08:12:50.660000+00:00,dda5b61d-9fe3-4d7f-a8bc-4f4439c93e4c,8ce319fc563cca51ee15f59d37e2488c,5cd829354e81b8b3f5a36beb8e0b628f,5631,1802,504.042,1147.532,65.426,1536777,16384,,19
1000000,concurrent,duckdb,Total,2026-10-05T08:12:51.731000+00:00,523d86ea-67bd-4161-b298-22fe7af0dee1,580f2cf2e5fc48e8751d75c802d27324,59cb39c61ef18b12c60c69ae3025fca9,3186,2843,1073.823,1603.461,84.716,1536777,1485026,,29
1000000,concurrent,duckdb,Daily trend,2026-10-05T08:12:52.937000+00:00,e6c0884d-e240-4a97-84bc-f79549624f35,2db204132d52ee7d2afb11c63477b99c,4368d37fadc036101025df147602c2df,4393,4035,1201.148,2569.561,183.291,1536777,1485026,,1765
1000000,concurrent,duckdb,Comparison,2026-10-05T08:12:54.176000+00:00,8517ded0-16e2-43df-99ed-fcb3a478f805,8ce319fc563cca51ee15f59d37e2488c,5cd829354e81b8b3f5a36beb8e0b628f,5631,5279,1242.107,3770.768,184.125,1536777,1485026,,29
1000000,concurrent,clickhouse,Comparison,2026-10-05T08:12:54.403000+00:00,b7a0beaf-b4c4-407e-8765-826616a7f596,abf5fd61091eb276190706aab8c296b2,340cd47dbc7f345423c0126c8d65d227,270,43,4.561,,,,0,0,222
1000000,concurrent,clickhouse,Comparison,2026-10-05T08:12:54.475000+00:00,5cecb5bb-4d40-4d62-9d78-05e1df8240b4,abf5fd61091eb276190706aab8c296b2,340cd47dbc7f345423c0126c8d65d227,270,115,73.943,,,,14000000,1000000,245
1000000,concurrent,clickhouse,Daily trend,2026-10-05T08:12:54.553000+00:00,fd8d9109-fd05-46c3-9d64-c46994a8335c,d26a0a1169fcf8743d6a875e5ab8780f,723f9be1c578b25a776e9040decca177,340,175,132.042,,,,14000000,1000000,2491
1000000,concurrent,clickhouse,Total,2026-10-05T08:12:54.557000+00:00,5e3c96e1-8872-4985-ad82-302ba2b121c2,2dc808c5cbaa7c9c089031379f3ac298,2380223114f8cf6a776ce57c380fd477,346,144,103.008,,,,14000000,1000000,245
1000000,concurrent,clickhouse,Campaign breakdown,2026-10-05T08:12:54.717000+00:00,a3b3ae32-fb66-4e2c-9852-9f2b4fee7626,edd958c506556cc4a93a63a984aac000,a26752a9d3ae6a72a0087c297a0e3e6a,500,312,269.33,,,,52900000,1000000,41134
