workload,variant,round,initial_state,readiness_ms,ready_and_execution_ms,execution_ms,client_ms
select42,basic,0,stopped,768,864,44.682,2497.726
select42,europe,0,stopped,456,537,38.512,1061.994
select42,cpu,0,stopped,665,748,41.25,1400.966
select42,europe,1,stopped,583,657,38.938,855.944
select42,cpu,1,stopped,1763,1845,39.283,2015.474
select42,basic,1,stopped,732,810,35.162,990.399
select42,cpu,2,stopped,1309,1388,36.855,1566.952
select42,basic,2,stopped,832,916,40.125,1114.24
select42,europe,2,stopped,2255,2337,38.465,2512.463
select42,basic,3,stopped,2419,2557,75.434,5946.553
select42,europe,3,stopped,526,612,39.185,835.009
select42,cpu,3,stopped,330,410,36.665,647.015
select42,europe,4,stopped,4393,4474,37.932,4621.788
select42,cpu,4,stopped,533,625,45.345,797.909
select42,basic,4,stopped,2947,3062,73.903,3936.921
select42,cpu,5,stopped,429,533,60.888,707.7
select42,basic,5,stopped,1499,1578,38.45,1724.704
select42,europe,5,stopped,532,658,87.122,795.85
select42,basic,6,stopped,4648,4799,101.029,5233.942
select42,europe,6,stopped,626,700,36.539,883.397
select42,cpu,6,stopped,645,770,81.24,974.607
select42,europe,7,stopped,1054,1132,39.958,1291.047
select42,cpu,7,stopped,1688,1774,43.285,1954.654
select42,basic,7,stopped,472,562,50.094,2325.34
example_ingestion,basic,0,stopped,612,1110,460.572,5300.506
example_ingestion,europe,0,stopped,494,941,409.998,1206.029
example_ingestion,cpu,0,stopped,878,1426,498.847,1807.606
example_ingestion,europe,1,stopped,3901,5392,1449.106,5621.459
example_ingestion,cpu,1,stopped,1123,1553,382.84,1812.065
example_ingestion,basic,1,stopped,468,885,375.455,1159.972
example_ingestion,cpu,2,stopped,1182,2935,1702.69,4008.273
example_ingestion,basic,2,stopped,838,1300,423.526,1475.452
example_ingestion,europe,2,stopped,607,1065,418.145,1260.43
example_ingestion,basic,3,stopped,3510,4948,1399.248,5100.118
example_ingestion,europe,3,stopped,1045,2520,1433.47,2770.504
example_ingestion,cpu,3,stopped,745,1260,468.354,1504.091
example_ingestion,europe,4,stopped,1643,2199,512.316,2495.655
example_ingestion,cpu,4,stopped,766,1239,426.052,1447.29
example_ingestion,basic,4,stopped,595,1009,377.742,1164.527
example_ingestion,cpu,5,stopped,1121,2602,1431.917,2786.023
example_ingestion,basic,5,stopped,438,940,460.187,1117.845
example_ingestion,europe,5,stopped,580,1006,386.186,1162.293
